Person Name,Course Name,Course Description,Course Date
"Sarah Johnson","Advanced Data Analytics and Machine Learning
Fundamentals for Business Professionals","- Learn statistical analysis techniques for business insights
- Master Python and R programming for data manipulation
- Understand machine learning algorithms and their applications
- Practice with real-world datasets from various industries
- Build predictive models for business forecasting
- Create compelling data visualizations and dashboards
- Develop skills in data cleaning and preprocessing
- Explore advanced topics like neural networks and deep learning","2024-03-15:2024-03-17"
"Michael Chen","Digital Marketing Strategy and
Social Media Optimization Workshop","- Develop comprehensive digital marketing strategies
- Master SEO and SEM techniques for maximum visibility
- Create engaging social media content across platforms
- Understand analytics and performance measurement tools
- Learn email marketing automation and segmentation
- Explore influencer marketing and partnership strategies
- Design conversion-optimized landing pages
- Implement A/B testing for campaign optimization","2024-04-22:2024-04-23"
"Emily Rodriguez","Project Management Excellence:
From Planning to Execution","- Master project planning and scope definition techniques
- Learn advanced scheduling and resource allocation methods
- Understand risk management and mitigation strategies
- Develop effective team communication and leadership skills
- Practice with industry-standard project management tools
- Create comprehensive project documentation and reporting
- Handle stakeholder management and expectation setting
- Implement agile and waterfall methodologies effectively","2024-05-08:2024-05-10"
"David Thompson","Financial Planning and Investment
Strategies for Small Business Owners","- Understand fundamental financial planning principles
- Learn cash flow management and budgeting techniques
- Explore investment options for business growth
- Master tax optimization strategies for small businesses
- Develop retirement and succession planning approaches
- Create financial forecasting and scenario planning models
- Understand insurance and risk management for businesses","2024-06-12:2024-06-14"
"Lisa Park","Creative Writing and Storytelling
Masterclass for Content Creators","- Develop compelling narrative structures and plot development
- Master character creation and development techniques
- Learn dialogue writing and authentic voice creation
- Understand different writing styles and genre conventions
- Practice editing and revision strategies for polished content
- Explore digital publishing and content distribution platforms
- Create engaging content for blogs, social media, and marketing
- Build a sustainable writing practice and overcome writer's block","2024-07-03:2024-07-05"
"Robert Wilson","Cybersecurity Fundamentals
and Threat Assessment Training","- Understand current cybersecurity landscape and threats
- Learn network security principles and best practices
- Master password management and authentication systems
- Implement data encryption and secure communication methods
- Develop incident response and recovery procedures
- Practice vulnerability assessment and penetration testing
- Create security policies and employee training programs
- Stay updated with emerging threats and defense strategies","2024-08-19:2024-08-20"
"Amanda Foster","Leadership Development and
Team Management Excellence","- Develop authentic leadership styles and communication skills
- Learn conflict resolution and difficult conversation techniques
- Master delegation and performance management strategies
- Understand emotional intelligence and team dynamics
- Create inclusive and diverse workplace environments
- Practice strategic thinking and decision-making processes
- Build effective feedback and coaching capabilities
- Implement change management and organizational transformation","2024-09-14:2024-09-16"
"James Martinez","Web Development Bootcamp:
HTML, CSS, JavaScript, and Beyond","- Master HTML5 semantic markup and accessibility standards
- Learn advanced CSS techniques including Flexbox and Grid
- Develop interactive functionality with JavaScript and DOM manipulation
- Understand responsive design principles and mobile-first development
- Explore modern frameworks like React and Vue.js
- Practice version control with Git and collaborative development
- Implement web performance optimization techniques
- Deploy applications using cloud platforms and hosting services","2024-10-05:2024-10-07"
"Jennifer Lee","Photography and Visual Storytelling
for Marketing and Social Media","- Master camera settings and composition techniques
- Learn lighting principles for various shooting conditions
- Understand color theory and visual design principles
- Practice post-processing and photo editing workflows
- Create cohesive visual brands and style guides
- Develop storytelling skills through photography
- Optimize images for different digital platforms and formats
- Build a professional photography portfolio and client workflow","2024-11-11:2024-11-12"
"Christopher Brown","Public Speaking and Presentation
Skills for Professional Success","- Overcome speaking anxiety and build confidence on stage
- Develop compelling presentation structure and storytelling techniques
- Master voice projection, body language, and stage presence
- Learn to engage and connect with diverse audiences
- Create visually appealing and effective presentation slides
- Practice impromptu speaking and Q&A handling skills
- Understand virtual presentation best practices and technology
- Build personal brand through effective public speaking","2024-12-09:2024-12-11"